みずほ銀行,都銀,対応する,整備済み,整備済み,整備済み,整備済み,https://www.mizuhobank.co.jp/company/activity/api/index.html,
三菱ＵＦＪ銀行,都銀,対応する,整備済み,検討中,整備済み,整備済み,http://www.bk.mufg.jp/ippan/law/houshin.html,
三井住友銀行,都銀,対応する,整備済み,2018年夏目途,整備済み,整備済み,http://www.smbc.co.jp/collaboration/,
りそな銀行,都銀,対応する,2018年6月,2018年6月,整備済み,2018年6月,http://www.resonabank.co.jp/util/dendai.html,
埼玉りそな銀行,都銀,対応する,2018年6月,2018年6月,整備済み,2018年6月,http://www.saitamaresona.co.jp/util/dendai.html,
ジャパンネット銀行,その他,対応する,整備済み,整備済み,整備済み,整備済み,http://www.japannetbank.co.jp/api/,
セブン銀行,その他,対応する,2018年9月,2018年9月,2018年9月,2018年9月,https://www.sevenbank.co.jp/support/apiCollaboration.html,
ソニー銀行,その他,対応する,2019年3月末まで,順次公開を予定,該当なし,該当なし,http://moneykit.net/visitor/stpl/stpl161.html,
楽天銀行,その他,対応する,検討中,検討中,2018年3月,2018年4月,https://www.rakuten-bank.co.jp/policy/cooperation.html,
住信SBIネット銀行,その他,対応する,整備済み,整備済み,整備済み,整備済み,https://www.netbk.co.jp/wpl/NBGate/i900500CT/PD/api_policy,
じぶん銀行,その他,対応する,2018年9月,検討中,検討中,検討中,https://www.jibunbank.co.jp/corporate/policy/#tab06,
イオン銀行,その他,対応する,2018年6月,検討中,2019年3月,検討中,https://www.aeonbank.co.jp/api/collaboration.html,
大和ネクスト銀行,その他,対応する,2019年度上期,­,2019年度上期,­,http://www.bank-daiwa.co.jp/info/2018/0301_3395.html,
三菱ＵＦＪ信託銀行,信託,対応する,2020年5月まで,­,­,­,https://www.tr.mufg.jp/ippan/topics/pdf/180228.pdf,
みずほ信託銀行,信託,対応しない,­,­,­,­,https://www.mizuho-tb.co.jp/company/topics/api.html,
三井住友信託銀行,信託,対応する,2019年夏頃,2020年春頃,2019年夏頃,2020年春頃,http://www.smtb.jp/general/api/,
ニューヨークメロン信託銀行,信託,対応しない,­,­,­,­,店舗に備え置き,
日本ﾏｽﾀｰﾄﾗｽﾄ信託銀行,信託,対応する,検討中,検討中,検討中,検討中,http://www.mastertrust.co.jp/policy/denshidaikou.html,
ステート・ストリート信託銀行,信託,対応しない,­,­,­,­,http://www.statestreet.com/content/dam/statestreet/documents/RegionalsSite/Japan/TB_%E9%9B%BB%E5%AD%90%E6%B1%BA%E6%B8%88%E7%AD%89%E4%BB%A3%E8%A1%8C%E6%A5%AD%E8%80%85%E9%80%A3%E6%90%BA%E7%AD%89%E6%96%B9%E9%87%9D.pdf,
SMBC信託銀行,信託,対応する,2020年3月,検討中,­,­,https://www.smbctb.co.jp/contents/aboutus/news/pdf/j_pr_180226_01.pdf,
野村信託銀行,信託,対応する,検討中,検討中,検討中,検討中,http://www.nomura-trust.co.jp/company/policy/api.html,
オリックス銀行,信託,対応する,検討中,検討中,検討中,検討中,http://www.orixbank.co.jp/news/detail/20180301_384.html,
あおぞら信託銀行,信託,対応する,2018年秋頃,2019年度,2018年秋頃,2019年度,http://www.aozora-trust.co.jp/noframes/collaboration.html,
農中信託銀行,信託,対応しない,­,­,­,­,http://www.nochutb.co.jp/電子決済等代行業者との連携及び協働に係る方針,
新生信託銀行,信託,対応しない,­,­,­,­,https://safe.menlosecurity.com/docview/viewer/docNFDE77F126A0623127b4b3c766ca973c8a894340f8b3f007ce56bbd089c2e83a624c9192d7002,
日証金信託銀行,信託,対応しない,­,­,­,­,http://www.jsftb.co.jp/collaboration/index.html,
日本ﾄﾗｽﾃｨ･ｻｰﾋﾞｽ信託銀行,信託,対応しない,­,­,­,­,http://www.japantrustee.co.jp/data/pdf/JI180228.pdf,
資産管理サービス信託銀行,信託,対応しない,­,­,­,­,http://www.tcsb.co.jp/about/api.php,
新生銀行,その他,対応する,2019年夏,2019年夏,2019年夏,2019年夏,http://www.shinseibank.com/corporate/api/,
あおぞら銀行,その他,対応する,2018年夏,2019年度中,検討中,検討中,http://www.aozorabank.co.jp/api/,
新銀行東京,その他,対応する,2018年8月,2019年度中,2018年8月,2019年度中,http://www.sgt.jp/attention/180301.html,
ＳＢＪ銀行,その他,対応する,2019年冬,2019年冬,2019年冬,2019年冬,http://sbjbank.co.jp/policy/openapi/,
ゆうちょ銀行,その他,対応する,2018年6月,検討中,2018年6月,検討中,https://www.jp-bank.japanpost.jp/aboutus/company/abt_cmp_api.html,
整理回収機構,その他,対応しない,­,­,­,­,https://www.kaisyukikou.co.jp/intro/intro_003_5.html,
北海道銀行,地銀,対応する,2018年3月,2018年3月,2018年5月,2018年5月,http://www.hokkaidobank.co.jp/agency_policy/,
青森銀行,地銀,対応する,2018年度中,検討中,2018年度中,検討中,https://a-bank.jp/contents/guide/aboutabank/denshikessai_houshin/index.html,
みちのく銀行,地銀,対応する,整備済み,2020年度中,2020年度中,2020年度中,http://www.michinokubank.co.jp/denshikessantou.html,
秋田銀行,地銀,対応する,2018年度中,検討中,2018年度中,検討中,https://www.akita-bank.co.jp/news/news_abank/denshi_kessai/,
北都銀行,地銀,対応する,2018年度下期,­,2018年度下期,2018年度下期,http://www.fidea.co.jp/news/pdf/20180301.pdf,
荘内銀行,地銀,対応する,2018年度下期,­,2018年度下期,2018年度下期,http://www.fidea.co.jp/news/pdf/20180301.pdf,
山形銀行,地銀,対応する,2020年3月目途,2020年3月目途,検討中,検討中,http://www.yamagatabank.co.jp/electron/,
岩手銀行,地銀,対応する,2018年度中,検討中,2018年度中,検討中,http://www.iwatebank.co.jp/electronic_settlement.html,
東北銀行,地銀,対応する,2018年12月,2018年12月,2019年3月,2019年3月,http://www.tohoku-bank.co.jp/innovation/index.html,
七十七銀行,地銀,対応する,2018年3月,2018年3月,2018年5月,2018年5月,https://www.77bank.co.jp/pdf/77bank/denshi_kessai_renkei.pdf,
東邦銀行,地銀,対応する,2018年10月,2018年10月,­,­,http://www.tohobank.co.jp/api.html,
群馬銀行,地銀,対応する,2019年4月,2020年3月,2019年4月,2019年10月,https://www.gunmabank.co.jp/renkei.html,
足利銀行,地銀,対応する,2018年9月,2020年6月,2018年9月,2020年6月,http://www.ashikagabank.co.jp/policy/denshi_kessai.html,
常陽銀行,地銀,対応する,2018年9月,2018年9月,2018年9月,2018年9月,http://www.joyobank.co.jp/oshirase/20180301.pdf,
筑波銀行,地銀,対応する,2020年3月,2020年3月,2020年3月,2020年3月,https://www.tsukubabank.co.jp/api/,
武蔵野銀行,地銀,対応する,2019年春,2019年春,­,­,http://www.musashinobank.co.jp/company/api/,
千葉銀行,地銀,対応する,整備済み,整備済み,2018年夏,­,http://www.chibabank.co.jp/news/company/2018/0228_01/pdf/news20180228_01_001.pdf,
千葉興業銀行,地銀,対応する,2018年9月,2019年3月,2018年9月,2019年3月,https://www.chibakogyo-bank.co.jp/other/policy/e-payment.html,
東京都民銀行,地銀,対応する,2018年8月,2019年度中,2018年8月,2019年度中,http://www.tominbank.co.jp/oshirase/pdf/api_20180301.pdf,
横浜銀行,地銀,対応する,2018年3月,2018年3月,2018年5月,2018年5月,http://www.boy.co.jp/renkei/,
第四銀行,地銀,対応する,2018年7月,2018年7月,­,­,https://www.daishi-bank.co.jp/release/pdf/180228-4137.pdf,
北越銀行,地銀,対応する,2018年3月,2018年7月,2018年5月,2018年5月,http://www.hokuetsubank.co.jp/contents/help/gaibukikan_renkei/index.html,
山梨中央銀行,地銀,対応する,2018年12月,2020年2月,2018年12月,2018年12月,https://www.yamanashibank.co.jp/api.html,
八十二銀行,地銀,対応する,2018年10月,検討中,検討中,検討中,https://www.82bank.co.jp/law/denshikessai.html,
北陸銀行,地銀,対応する,2018年3月,2018年3月,2018年5月,2018年5月,http://www.hokugin.co.jp/guideline/api.html,
富山銀行,地銀,対応する,2018年度,­,2018年度,2018年度,http://www.toyamabank.co.jp/pages/collaboration/collaboration.htm,
北國銀行,地銀,対応する,2019年3月,2019年3月,2019年3月,2019年3月,http://www.hokkokubank.co.jp/company/about/api.html ,
福井銀行,地銀,対応する,2019年4月,2019年4月,2019年4月,2019年4月,https://www.fukuibank.co.jp/policy/open_api/,
静岡銀行,地銀,対応する,整備済み,2019年9月,2019年9月,2019年9月,http://www.shizuokabank.co.jp/policy/electronic.html,
スルガ銀行,地銀,対応する,2018年10月,2018年10月,検討中,検討中,https://www.surugabank.co.jp/surugabank/common/denshikessai/,
清水銀行,地銀,対応する,2018年10月,検討中,2018年10月,検討中,https://www.shimizubank.co.jp/uploadfile/docs/20180301電子決済等代行業者との連携及び協働にかかる方針.pdf,
大垣共立銀行,地銀,対応する,2018年9月,検討中,2018年9月,検討中,https://www.okb.co.jp/all/pdf/collaboration.pdf,
十六銀行,地銀,対応する,2018年12月,2019年12月,2018年12月,2019年12月,http://www.juroku.co.jp/denshi_kessai.html,
三重銀行,地銀,対応する,2019年1月,2020年3月,2018年12月,2018年12月,https://www.miebank.co.jp/info/api_hoshin.html,
百五銀行,地銀,対応する,2018年10月,2018年10月,2018年10月,2018年10月,https://www.hyakugo.co.jp/policy/policy_300209_01.html,
滋賀銀行,地銀,対応する,2018年秋,2019年春,2018年秋,検討中,http://www.shigagin.com/personal/support/api_collaboration.html,
京都銀行,地銀,対応する,2019年4月,検討中,2019年4月,2019年4月,https://www.kyotobank.co.jp/api/policy/index.html,
近畿大阪銀行,地銀,対応する,2018年6月,2018年6月,整備済み,2018年6月,http://www.kinkiosakabank.co.jp/util/dendai.html,
池田泉州銀行,地銀,対応する,2018年6月,2019年4月,2018年6月,2019年4月,http://www.sihd-bk.jp/e-payment/index.html,
南都銀行,地銀,対応する,2018年12月,2019年12月,2018年12月,2019年12月,http://www.nantobank.co.jp/denshikessai/,
紀陽銀行,地銀,対応する,2019年3月,検討中,2019年3月,検討中,http://www.kiyobank.co.jp/pdf/e-payments.pdf,
但馬銀行,地銀,対応する,2019年3月,2019年3月,2019年3月,2019年3月,http://tajimabank.co.jp/news/release/news_release_20180301.pdf,
鳥取銀行,地銀,対応する,検討中,検討中,2018年5月,検討中,http://www.tottoribank.co.jp/torigin/news/2018/2018-02-28-3.pdf,
山陰合同銀行,地銀,対応する,2020年春,2020年春,2020年春,2020年春,http://www.gogin.co.jp/www/contents/1519613162021/index.html,
中国銀行,地銀,対応する,2018年10月,2018年10月,検討中,検討中,https://www.chugin.co.jp/inbanhelp/api/dendai.pdf,
広島銀行,地銀,対応する,2018年9月,検討中,2018年6月,検討中,http://www.hirogin.co.jp/rules/torihiki_houshin/renkei-kyodo.html,
山口銀行,地銀,対応する,2018年度上期,2018年度下期,検討中,検討中,https://www.yamaguchibank.co.jp/other/cooperation,
阿波銀行,地銀,対応する,2019年3月,検討中,検討中,検討中,http://www.awabank.co.jp/policy/denshidaiko/,
百十四銀行,地銀,対応する,2019年3月,検討中,2019年3月,検討中,http://www.114bank.co.jp/houshin/houshin04.html,
伊予銀行,地銀,対応する,2018年7月,2018年7月,-,-,http://www.iyobank.co.jp/collaboration.html,
四国銀行,地銀,対応する,2019年4月,2019年4月,2019年4月,2019年4月,http://www.shikokubank.co.jp/profile/open_api.html,
福岡銀行,地銀,対応する,2018年9月,2020年春,2018年6月,2018年6月,https://www.fukuokabank.co.jp/idc/groups/f9999/documents/pdf/idc_051139.pdf,
筑邦銀行,地銀,対応する,検討中,検討中,検討中,検討中,https://www.chikugin.co.jp/about/collaboration/,
佐賀銀行,地銀,対応する,2020年春頃,検討中,2020年春頃,検討中,http://www.sagabank.co.jp/outline/denshikessai2017.pdf,
十八銀行,地銀,対応する,2019年10月,-,2019年10月,-,https://www.18bank.co.jp/aboutus/company/denshikessai-houshin.html,
親和銀行,地銀,対応する,2018年9月,2020年春,2018年6月,2018年6月,https://www.shinwabank.co.jp/idc/groups/s9999/documents/pdf/idc_051151.pdf,
肥後銀行,地銀,対応する,2018年度上期,基幹系システム更改後,2018年度上期,基幹系システム更改後,http://www.higobank.co.jp/company/information/agency.html,
大分銀行,地銀,対応する,2019年1月,2019年1月,2019年1月,2019年1月,https://www.oitabank.co.jp/policy/openapi.html,
宮崎銀行,地銀,対応する,2020年3月,検討中,2020年3月,検討中,http://www.miyagin.co.jp/pdf/denshi_kessai.pdf,
鹿児島銀行,地銀,対応する,2018年度上期,2018年度下期,検討中,検討中,https://www.kagin.co.jp/investor/20180301_225.html,
琉球銀行,地銀,対応する,2018年12月,2020年3月までに方針決定,-,-,http://www.ryugin.co.jp/information/denshikihon.html,
沖縄銀行,地銀,対応する,2018年7月,2018年7月,2018年7月,2018年7月,http://www.okinawa-bank.jp/corporate/electronic_payment.html,
西日本シティ銀行,地銀,対応する,2018年秋頃,2018年秋頃,2018年秋頃,2018年秋頃,https://www.ncbank.co.jp/corporate/denshikessai/,
北九州銀行,地銀,対応する,2018年度上期,2018年度下期,検討中,検討中,https://www.kitakyushubank.co.jp/other/cooperation,
北洋銀行,第二地銀,対応する,2018年4月,2018年4月,-,-,http://www.hokuyobank.co.jp/info/collaboration.html,
きらやか銀行,第二地銀,対応する,検討中,検討中,検討中,検討中,https://www.kirayaka.co.jp/policy/pdf/electronicaymentagent.pdf,
北日本銀行,第二地銀,対応する,2019年3月,2019年3月,検討中,検討中,http://www.kitagin.co.jp/company/information/e_payment_collaboration/,
仙台銀行,第二地銀,対応する,検討中,検討中,検討中,検討中,https://www.sendaibank.co.jp/,
福島銀行,第二地銀,対応する,2018年10月,2020年6月,2018年10月,2020年6月,http://www.fukushimabank.co.jp/press/2017/img/20180228-1.pdf,
大東銀行,第二地銀,対応する,2018年9月,2020年6月,検討中,検討中,https://www.daitobank.co.jp/site/electronic-settlement.html,
東和銀行,第二地銀,対応する,2018年10月,2020年3月,2018年10月,2019年4月,http://www.towabank.co.jp/whatsnew/DnsksiRnkiHsn.pdf,
栃木銀行,第二地銀,対応する,整備済み,"2019年3月(本人口座間の資金移動や収納資金の決済)
京葉銀行,第二地銀,対応する,整備済み,次世代勘定系システムの安定的な稼動後,次世代勘定系システムの安定的な稼動後,次世代勘定系システムの安定的な稼動後,http://www.keiyobank.co.jp/common_html/api.html,
東日本銀行,第二地銀,対応する,
東京スター銀行,第二地銀,対応する,2019年度中,検討中,2018年度上期,2018年度上期,http://www.tokyostarbank.co.jp/profile/pdf/180226.pdf,
神奈川銀行,第二地銀,対応する,2019年3月,2019年3月,2019年3月,2019年3月,http://www.kanagawabank.co.jp/public/denshi_kessai.html,
大光銀行,第二地銀,対応する,2018年9月,検討中,検討中,検討中,https://www.taikobank.jp/images/news/news_20180227.pdf,
長野銀行,第二地銀,対応する,2018年7月,2019年3月,2018年10月,2018年10月,http://www.naganobank.co.jp/site/footer/policy6.html,
富山第一銀行,第二地銀,対応する,2018年4月,2018年10月,検討中,検討中,https://www.first-bank.co.jp/policy/fintech.html,
福邦銀行,第二地銀,対応する,2019年1月,2019年3月,2019年1月,2019年3月,http://www.fukuho.co.jp/,
静岡中央銀行,第二地銀,対応する,2019年春頃,2020年春頃,検討中,検討中,https://www.shizuokachuo-bank.co.jp/pdf/release20180228.pdf,
愛知銀行,第二地銀,対応する,2018年10月,2020年4月,2018年10月,2020年4月,http://www.aichibank.co.jp/policy_api/index.html,
名古屋銀行,第二地銀,対応する,2019年3月,2022年,2019年3月,2022年,https://www.meigin.com/about/pdf/index/denshikessai-renkei.pdf,
中京銀行,第二地銀,対応する,"2018年3月(預金残高照会・預金入出金明細照会)
第三銀行,第二地銀,対応する,整備済み,2019年3月,整備済み,検討中,https://www.daisanbank.co.jp/info/api_collaboration.html,
関西アーバン銀行,第二地銀,対応する,検討中,検討中,検討中,検討中,https://www.kansaiurban.co.jp/info/20180228.html,
大正銀行,第二地銀,対応する,2019年春頃,2020年春頃,ー,ー,http://www.taishobank.co.jp/inc/pdf/upload/news/news_506_20180301_2381.pdf,
みなと銀行,第二地銀,対応する,2020年夏頃,2020年夏頃,整備済み,2020年夏頃,http://www.minatobk.co.jp/topics/news/file/1106/topics20180301.pdf,
島根銀行,第二地銀,対応する,2019年3月,2020年3月,2019年3月,2019年3月,http://www.shimagin.co.jp/foot/denshikessai.pdf,
トマト銀行,第二地銀,対応する,2018年秋頃,"2019年夏頃（本人口座間の移動・決済）
2020年5月（他人口座への資金移動・決済）",検討中,検討中,https://www.tomatobank.co.jp/policy2.html,
もみじ銀行,第二地銀,対応する,2018年度上半期,2018年度下半期,検討中,検討中,https://www.momijibank.co.jp/other/cooperation,
西京銀行,第二地銀,対応する,2020年3月,検討中,2020年3月,検討中,https://www.saikyobank.co.jp/general/policy/electronic_settlement.html,
徳島銀行,第二地銀,対応する,2019年春頃,2020年春頃,ー,ー,http://www.tokugin.co.jp/newsrelease/news2017/pdf/news_180301_2.pdf,
香川銀行,第二地銀,対応する,2019年春頃,2020年春頃,ー,ー,https://www.kagawabank.co.jp/policy/api_renkei_kyoudou.html,
愛媛銀行,第二地銀,対応する,2018年7月,2018年7月,-,-,https://www.himegin.co.jp/new_csr/20180226_1.html,
高知銀行,第二地銀,対応する,2019年3月,"2020年3月(本人口座間の移動・決済)
2020年6月(他人口座への移動・決済)",検討中,検討中,https://www.kochi-bank.co.jp/houshin/open_api.html,
福岡中央銀行,第二地銀,対応する,2020年3月,2020年3月,-,-,http://www.fukuokachuo-bank.co.jp/other/open_api.html,
佐賀共栄銀行,第二地銀,対応する,2020年3月,2020年3月,-,-,https://www.kyogin.co.jp/uploads/files/news_release/2018/30.02.28-017.pdf,
長崎銀行,第二地銀,対応する,2020年3月,2020年3月,検討中,検討中,http://www.nagasakibank.co.jp/top/pdf/release20180301_01.pdf,
熊本銀行,第二地銀,対応する,2018年9月,2020年春頃,2018年6月,2018年6月,http://www.kumamotobank.co.jp/announcement/newsrelease/PAGE_051069.html,
豊和銀行,第二地銀,対応する,2020年3月,2020年3月,-,-,http://www.howabank.co.jp/docs/300228.pdf,
宮崎太陽銀行,第二地銀,対応する,2020年3月,2020年3月,-,-,http://www.taiyobank.co.jp/contents/index.php?blogid=15&catid=15&itemid=2323,
南日本銀行,第二地銀,対応する,2020年3月,2020年3月,検討中,検討中,http://nangin.jp/information/%E9%9B%BB%E5%AD%90%E6%B1%BA%E6%B8%88%E7%AD%89%E4%BB%A3%E8%A1%8C%E6%A5%AD%E8%80%85%E3%81%A8%E3%81%AE%E9%80%A3%E6%90%BA%E5%8F%8A%E3%81%B3%E5%8D%94%E5%83%8D%E3%81%AB%E4%BF%82%E3%82%8B%E6%96%B9%E9%87%9D.pdf,
沖縄海邦銀行,第二地銀,対応する,2020年3月,2020年3月,-,-,https://www.kaiho-bank.co.jp/files/user/pdf/20180228.pdf,
八千代銀行,第二地銀,対応する,2018年8月,2019年度中,2018年8月,2019年度中,http://www.yachiyobank.co.jp/pdf/open_api.pdf,
ｼﾃｲﾊﾞﾝｸ､ｴﾇ･ｴｲ,外銀,対応しない,­,­,­,­,http://www.citigroup.jp/jp/about/disclosures/pdf/0227_2018-approved-jp-esa-policy.pdf,
JPモルガン・チェース銀行,外銀,対応しない,­,­,­,­,http://www.jpmorgan.co.jp/jpmpdf/1320744925922.pdf,
ﾊﾞﾝｸ･ｵﾌﾞ･ｱﾒﾘｶ･ｴﾇ･ｴｲ,外銀,対応しない,­,­,­,­,http://www.japan.ml.com/other_policies/bana_API_Policy_Statement.asp,
香港上海銀行,外銀,対応しない,­,­,­,­,http://www.hsbc.co.jp/-/media/cl-japan/Important-announcements/jp/policy_on_collaboration_with_electronic_settlement_agencies_jp_2018_feb.pdf?la=ja-JP,
ｽﾀﾝﾀﾞｰﾄﾞ ﾁｬｰﾀｰﾄﾞ銀行,外銀,対応しない,­,­,­,­,https://www.sc.com/jp/assets/pws/pdf/jp-electronic-settlement-new.pdf,
バークレイズ銀行,外銀,対応しない,­,­,­,­,https://www.barclays.co.jp/content/dam/barclays-jp/pdfs/bbplc/collaboration-electronic-payment-service-provider.pdf,
クレディ・アグリコル銀行,外銀,対応しない,­,­,­,­,店舗に備え置き,
ハナ銀行,外銀,対応しない,­,­,­,­,https://safe.menlosecurity.com/docview/viewer/docN2215E20C8D89ce7595fda2a4f3cc9f20f1be1a21599076aaad4450749097817bb0581ca0e865,
バンク・オブ・インディア,外銀,対応しない,­,­,­,­,http://www.boijapan.com/download/180215-Policy-for-ESA-J.pdf,
兆豐國際商業銀行,外銀,対応しない,­,­,­,­,店舗に備え置き,
バンコック銀行,外銀,対応しない,­,­,­,­,店舗に備え置き,
バンクネガラインドネシア,外銀,対応しない,­,­,­,­,http://www.ptbni.co.jp/bni/basic-policy-on-coordination-and-collaboration/,
ドイツ銀行,外銀,対応しない,­,­,­,­,https://japan.db.com/jp/content/6739.html,
ブラジル銀行,外銀,対応しない,­,­,­,­,http://www.bb.com.br/docs/pub/atend/toquio/dwn/PrincLiqEletJP.pdf,
ﾕﾅｲﾃｯﾄﾞ･ｵｰﾊﾞｰｼｰｽﾞ銀行,外銀,対応しない,­,­,­,­,店舗に備え置き,
ﾕｰﾋﾞｰｴｽ･ｴｲ･ｼﾞｰ,外銀,対応しない,­,­,­,­,https://www.ubs.com/global/en/legalinfo2/jp/disclaimer-10.html,
ビー・エヌ・ピー・パリバ銀行,外銀,対応しない,­,­,­,­,https://safe.menlosecurity.com/docview/viewer/docN8E991F2C89D871dd76e23271d514c91bbb740b1f324b8fc1a0021d6a22ca7999fd4b4c80c721,
オーバーシー・チャイニーズ銀行,外銀,対応しない,­,­,­,­,店舗に備え置き,
ソシエテ・ジェネラル銀行,外銀,対応しない,­,­,­,­,https://www.societegenerale.asia/jp/disclosure-information/bank/digital/,
ﾕﾊﾞﾌｰｱﾗﾌﾞ･ﾌﾗﾝｽ連合銀行,外銀,対応しない,­,­,­,­,http://www.ubaf.fr/PG/Network_Tokyo.asp?lang=2,
DBS銀行,外銀,対応しない,­,­,­,­,店舗に備え置き,
ｸﾚﾃﾞｨ･ｽｲｽ銀行,外銀,対応しない,­,­,­,­,https://www.credit-suisse.com/jp/ja/legal/electronic-payments.html,
コメルツ銀行,外銀,対応しない,­,­,­,­,,
ウニクレディト銀行,外銀,対応しない,­,­,­,­,店舗に備え置き,
インドステイト銀行,外銀,対応しない,­,­,­,­,https://www.sbijapan.com/customer-care/Open%20API%20policy.pdf,
カナダロイヤル銀行,外銀,対応しない,­,­,­,­,https://www.rbccm.com/assets/rbccm/docs/jp/RBCTKY_electronic_transaction.pdf,
ウリィ銀行,外銀,対応しない,­,­,­,­,https://go.wooribank.com/jp/hs/cc/HSCC300_01L.do,
ｱｲｴﾇｼﾞｰﾊﾞﾝｸ ｴﾇ･ｳﾞｲ,外銀,対応しない,­,­,­,­,店舗に備え置き,
ナショナルオーストラリア銀行,外銀,対応しない,­,­,­,­,https://www.nationalaustraliabank.com/nabjapan/ja/about-us/important_notices/Banks_Electronic_Settlement_Substituting_Business_Operators,
ANZ銀行,外銀,対応しない,­,­,­,­,http://www.anz.co.jp/personal/img/pdf/20180227083313.pdf,
ｵｰｽﾄﾗﾘｱ･ｺﾓﾝｳｪﾙｽ銀行,外銀,対応しない,­,­,­,­,http://www.commbank.co.jp/JP/index.html,
中國銀行,外銀,対応しない,­,­,­,­,http://www.bankofchina.com/jp/jp/bocinfo/bi1/201802/t20180226_11543658.html,
ステート・ストリート銀行,外銀,対応しない,­,­,­,­,http://www.statestreet.com/content/dam/statestreet/documents/RegionalsSite/Japan/BT_%E9%9B%BB%E5%AD%90%E6%B1%BA%E6%B8%88%E7%AD%89%E4%BB%A3%E8%A1%8C%E6%A5%AD%E8%80%85%E9%80%A3%E6%90%BA%E7%AD%89%E6%96%B9%E9%87%9D.pdf,
中小企業銀行,外銀,対応しない,­,­,­,­,店舗に備え置き,
韓国産業銀行,外銀,対応しない,­,­,­,­,店舗に備え置き,
彰化商業銀行,外銀,対応しない,­,­,­,­,店舗に備え置き,
ウェルズ・ファーゴ銀行,外銀,対応しない,­,­,­,­,店舗に備え置き,
第一商業銀行,外銀,対応しない,­,­,­,­,http://www.kenko-net.co.jp/firstbank/index.html#news01,
台湾銀行,外銀,対応しない,­,­,­,­,店舗に備え置き,
交通銀行,外銀,対応しない,­,­,­,­,http://www.bankcomm.jp/JP/present2018-1.html,
メトロポリタン銀行,外銀,対応しない,­,­,­,­,http://www.metrobank.co.jp/jp/data/Policy_Fintech_JP.pdf,
ﾌｨﾘﾋﾟﾝ･ﾅｼｮﾅﾙ･ﾊﾞﾝｸ,外銀,対応しない,­,­,­,­,http://www.pnb.com.ph/japan/index.php/jp/index.html,
中国工商銀行,外銀,対応しない,­,­,­,­,http://japan.icbc.com.cn/ICBC/海外分行/东京网站/jn/有关规定1/有关规定/关于与电子结算等代理机构的合作及协同方针/,
中國信託商業銀行,外銀,対応しない,­,­,­,­,店舗に備え置き,
ｲﾝﾃｰｻﾞ･ｻﾝﾊﾟｵﾛ,外銀,対応しない,­,­,­,­,店舗に備え置き,
國民銀行,外銀,対応しない,­,­,­,­,店舗に備え置き,
中国建設銀行,外銀,対応しない,­,­,­,­,http://jp.ccb.com/tokyo/lng/201802231519355889.html,
ｲﾀｳ･ｳﾆﾊﾞﾝｺ銀行,外銀,対応しない,­,­,­,­,http://www.itau.co.jp/jpn/site/policy/policy_fintech.html,
ビルバオ・ビスカヤ・アルヘンタリア銀行,外銀,対応しない,­,­,­,­,店舗に備え置き,
中国農業銀行,外銀,対応しない,­,­,­,­,http://www.jp.abchina.com/jp/announcement/201802/t20180221_1318275.htm,
台新國際商業銀行,外銀,対応しない,­,­,­,­,https://www.taishinbank.com.tw/TS/TS05/TS0599/TS059904/TS05990405/TSB0764005,
玉山銀行,外銀,対応しない,­,­,­,­,店舗に備え置き,
台湾中小企業銀行,外銀,対応しない,­,­,­,­,http://classic-web.tbb.com.tw/branches_out_detail.html?_branches_outside.swift=MBBTJPJT,
ユーロクリア・バンク・エスアー・エヌヴェー,外銀,対応しない,­,­,­,­,店舗に備え置き,
パキスタン・ナショナル銀行,外銀,対応しない,­,­,­,­,店舗に備え置き,
ニューヨークメロン銀行,外銀,対応しない,­,­,­,­,店舗に備え置き,
